{"cameraMode":{"drawMode":0,"name":"Shaded","section":"Shading Mode"},"sceneLighting":true,"audioPlay":false,"sceneViewState":{"m_AlwaysRefresh":false,"showFog":true,"showSkybox":true,"showFlares":true,"showImageEffects":true,"showParticleSystems":true,"showVisualEffectGraphs":true,"m_FxEnabled":true},"in2DMode":false,"pivot":{"x":23.64322853088379,"y":-18.248254776000978,"z":582.4630126953125},"rotation":{"x":-0.06850941479206085,"y":0.24929848313331605,"z":-0.01766945794224739,"w":-0.9658498764038086},"size":367.32208251953127,"orthographic":false}